firstName;lastName;schoolClass;identifier
TEST;TEST;10A;a954047f-8d12-4c11-92b4-2b0e1125caa9
TEST;TEST;5A;bdf6868f-2d51-40aa-b1fe-8f8ff04dea2a
TEST;TEST;9A;e88ab4a0-5e2f-49dc-a364-b029ddc62423
TEST;TEST;9A;fd6257b2-e00a-438a-80b5-c3600dca10d2
TEST;TEST;10A;05d6b45f-c593-4c39-aee2-0b71bc0e1746
TEST;TEST;10A;ac9931e2-f61d-44fb-addd-7a7473b01ba5
TEST;TEST;6A;53298ff9-6097-40ed-8d1b-9fa620f04d04
TEST;TEST;6A;9b8e3b65-03b9-4f74-b903-8081261f358b
TEST;TEST;5A;8f3786da-868e-4b4b-986e-8592943cad9e
TEST;TEST;8A;2da03317-6998-4de5-bfd8-e095895d7d68
TEST;TEST;9A;9eb631d8-523f-45ee-9b5e-f27c66de1e8a
TEST;TEST;5A;e2747a8f-9196-4428-82d3-26c56daa8832
TEST;TEST;9A;d58e4e82-4da6-427f-a79f-0b5bcde444b6
TEST;TEST;7A;ed288745-2070-43ab-8674-351db10ea55d
TEST;TEST;10A;a57f8042-7e06-4ade-99cd-132e970cf854
TEST;TEST;10A;d66bd97e-0931-44ed-90ef-7af8f7251b47
TEST;TEST;8A;b1a68ad8-c295-47b7-9a71-57118390c7c7
TEST;TEST;8A;8e8d9cec-624b-4b72-9680-45fc3bb1f864
TEST;TEST;5A;e5406d1f-36ae-407e-bf96-e9a6a83f63e1
TEST;TEST;9A;8dbb533d-5320-419b-809e-298ba3b0f54e
TEST;TEST;9A;788977b0-bc7b-45b7-bbe8-df8a264c86dc
TEST;TEST;9A;5ff75057-a044-4bdc-b470-80b59a58fede
TEST;TEST;7A;e8b41bfe-8b19-450f-898b-1fee11191506
TEST;TEST;5A;8da7d9cd-bea1-490e-ba63-9e8f738db34d
TEST;TEST;7A;55539f87-60ee-4893-891d-405dc04d069e
TEST;TEST;7A;0651a401-488c-4004-9f95-928a19214946
TEST;TEST;6A;817d581e-8426-4244-97e1-7f4b04be3823
TEST;TEST;8A;cac73a7d-f70e-4c23-b707-832ec9b9ff01
TEST;TEST;9A;afa1877a-b1b8-4e3c-a378-7e0467e58ce7
TEST;TEST;5A;08ae31e0-a2a1-4d96-b255-6b1bccc40545
TEST;TEST;9A;f1c8eac7-8a41-45d7-93cf-cd2ec8cba8ed
TEST;TEST;6A;4247f1c4-6293-4016-ac35-988112f973cb
TEST;TEST;10A;5a167ed1-8310-491f-8beb-7c30d6626891
TEST;TEST;8A;8e7d707b-63c4-4d6e-ac25-81edeab4da37
TEST;TEST;9A;112b112e-619b-4607-9470-60f9c544bfcf
TEST;TEST;10A;d1d304a4-01e8-4027-a128-fa702cfcf0ee
TEST;TEST;5A;dd81c723-fde6-4588-b445-9e67addf8d78
TEST;TEST;8A;21007c8f-0775-4845-8630-9841eb31196b
TEST;TEST;10A;6e61271a-412e-42e1-a9a2-43e091aef618
TEST;TEST;6A;3bb28dd3-726b-497a-b9d9-2a57e4cebdea
TEST;TEST;9A;76460aa5-1c90-4779-9745-5ddb50aad34f
TEST;TEST;7A;fb6f4137-703c-4dd5-926b-ece424b41693
TEST;TEST;8A;638f29ad-6fc9-4e3a-96ab-adbe55f68a4d
TEST;TEST;8A;c4c79736-d1e1-4b7b-b6cc-5ccaa6b62a31
TEST;TEST;6A;b773c3f0-6af2-4b09-9054-291027197668
TEST;TEST;7A;6c2ec89d-fd53-479d-8300-5b9c1774eafa
TEST;TEST;5A;aa86ba62-1492-48f4-b0a5-7200a8a7c51b
TEST;TEST;5A;eed988df-ed0d-4c74-a1ca-6b02de07630b
TEST;TEST;10A;9976220f-56b0-4ac2-9e09-8fef6ec69e4b
TEST;TEST;10A;9de3cbc3-9cb8-404e-bd95-1cc08d3e4cf6
TEST;TEST;9A;7211c0e0-8a66-4de3-abe5-f75e089f9fc6
TEST;TEST;10A;b912d6fb-805c-48dc-8847-6a38d5ee9d04
TEST;TEST;5A;53353564-43a6-4258-897e-94e78c0c0893
TEST;TEST;9A;c182434e-05d8-4d6d-b07f-d9090a5f3b03
TEST;TEST;6A;2cdf35a8-2c77-4198-93d7-1cff159b561e
TEST;TEST;10A;06a662df-d4ae-49fd-bd80-815fadcd80a2
TEST;TEST;5A;a8f2e3c5-8dea-4e5c-83de-ccc97b3f62c7
TEST;TEST;8A;7635485e-c300-4000-83e6-1b9e91a506ca
TEST;TEST;8A;28dfceaf-3a9c-4f2d-a8ff-0cd1af4c9914
TEST;TEST;10A;bae35885-9b5e-4902-8f9a-89bfb5092bec
TEST;TEST;8A;0ee69697-9943-45a0-996f-07e8f2f96e1f
TEST;TEST;8A;e10ef3cc-f69e-4089-9006-b0c1f5e3c122
TEST;TEST;8A;fb793817-69f3-4026-bfd1-66b6deb152ef
TEST;TEST;5A;d17adcc8-4ae8-49c8-a146-b12774e4ede8
TEST;TEST;10A;0fb7cbdd-1f44-45bf-8460-a28535f19014
TEST;TEST;8A;d096a610-c0b3-4f1f-9131-69120fd51455
TEST;TEST;8A;212a03f1-5b3b-4f2f-867b-1aa48daa0d01
TEST;TEST;10A;25f53879-bfe6-43bc-95e0-870b97bf8c07
TEST;TEST;8A;0b429a80-33d7-4a07-901d-ba568e8647e0
TEST;TEST;6A;de2f6842-7659-4fc9-bcd8-c4ca2cdca78e
TEST;TEST;6A;7a2b42e6-85c5-43ea-9329-dcccd8823b2f
TEST;TEST;9A;869ba4ec-810f-4bb2-bb9a-ca115b238bc6
TEST;TEST;5A;515f5f61-e78a-4253-b1da-60853e812d0e
TEST;TEST;7A;f7b91fa7-36b9-4e60-9725-196ff2105768
TEST;TEST;8A;12f02f50-b7a3-44f1-b3d0-c8f145d57059
TEST;TEST;7A;9320e3f2-1957-4721-b071-b7d2702d7855
TEST;TEST;10A;d61d1323-bd4c-46be-9d46-c05a5c6aae05
TEST;TEST;8A;1f625e84-3266-4dc9-b480-755f1ecb5b93
TEST;TEST;5A;be1ba49b-7ee3-4fac-a416-189096fd7bdd
TEST;TEST;7A;1ed8d60f-70a9-4ca0-880c-f9ff25a52173
TEST;TEST;8A;60846ce1-b6b8-4545-bf5a-9b4d3e13ae50
TEST;TEST;6A;ed75d28f-d006-44be-be21-789de5cd01b2
TEST;TEST;6A;1cc4b0a2-7250-42ad-95e7-b102b00d0822
TEST;TEST;9A;f4695d4e-520d-480e-8fbe-28ca16d5e176
TEST;TEST;8A;6248439a-3199-4762-80d0-9725831b4075
TEST;TEST;5A;993e8d16-a522-4b97-83a9-00aca9cf8466
TEST;TEST;5A;254859ad-2ed1-4b35-914a-a513a2813497
TEST;TEST;10A;3e6f527c-7d91-4831-8cea-6f49b6e0f4e8
TEST;TEST;6A;4b66a815-6bf6-4e00-8702-3267aaa6b13b
TEST;TEST;10A;eea2eaae-ec42-4991-82af-1284bcc11447
TEST;TEST;9A;a62e2b02-353c-445b-bca8-43a5820aa6c4
TEST;TEST;7A;1bd46f83-127f-4ae4-80b7-d814652b6912
TEST;TEST;8A;852e467c-270c-41a5-bcf3-a58bc6df90a9
TEST;TEST;6A;6bd35868-9024-4f39-b995-896ae0656cc3
TEST;TEST;10A;b63693d4-37da-407b-b2fb-f3e54df54ec4
TEST;TEST;10A;733826ac-3829-4fe4-87b3-1535cebc294e
TEST;TEST;8A;3a21ceb0-068f-4d75-9a63-45be63ce97f4
TEST;TEST;7A;add19749-4bce-4dfc-893d-14ba44fe731d
TEST;TEST;9A;e744c18e-b9e1-482b-ac73-b427956c402b
TEST;TEST;9A;641daa54-5a0a-4786-a531-10e33f549183
TEST;TEST;7A;1bedfbbc-2d5b-4cfd-be2a-f70f1d0665e3
TEST;TEST;8A;00b849b7-eba2-4d92-94cd-4d002767fd31
TEST;TEST;5A;80a43e86-4851-43cd-8321-b5e45adb75aa
TEST;TEST;8A;1c2e9aa6-deaf-4c44-8b34-a611e09f48a0
TEST;TEST;9A;5ff89f82-9429-4954-9175-0b81b99e7449
TEST;TEST;9A;37d5a418-6543-41e5-8a91-f6ba6e344d81
TEST;TEST;7A;1461cac2-9aa7-4bb5-9d30-2cc7be6628ef
TEST;TEST;9A;89532725-0cfd-43d7-b300-7f6b49d46123
TEST;TEST;5A;225573ba-d842-4e5b-80da-51a3433169e2
TEST;TEST;8A;010244dc-a068-41d3-8655-0a6d27ceb020
TEST;TEST;9A;4fae3564-223b-49f4-9e64-ebfce613ce9c
TEST;TEST;5A;db143b6d-e6c4-4831-bc67-323818bd5a23
TEST;TEST;7A;053772b4-60f1-452b-8b9d-6687a5e55d4a
TEST;TEST;5A;99c97daf-4d30-4df3-9ad8-1f72f9143035
TEST;TEST;10A;44da75f0-0eca-4c40-9edc-70c7c8a0e29e
TEST;TEST;8A;b0ecc494-b15f-471f-91ec-12543f35bcd7
TEST;TEST;6A;c664d775-734c-4f10-8f8c-7652e2f945d3
TEST;TEST;6A;b550d7dd-a6d2-475a-aca8-209152460a49
TEST;TEST;7A;01dffbbb-10c9-42fe-8f2c-b38f8a5c6be0
TEST;TEST;6A;95142bd6-ae4b-4881-8bb4-69fe0cece398
TEST;TEST;8A;f3bbc632-ccde-48df-862d-a6e37d4b529f
TEST;TEST;6A;22ff65bb-9491-412e-9a41-1db78eea9e56
TEST;TEST;9A;1f4304c5-3d97-4266-a8ef-fc85414a2eb1
TEST;TEST;6A;b5f999ba-34b8-4c6f-87d2-f241c2e163c7
TEST;TEST;8A;bb46f022-1654-4b87-87f2-a060023c911d
TEST;TEST;7A;7251fb6c-8f7a-4e02-a0ae-e1a8f19c9293
TEST;TEST;5A;81c9ac1e-f561-4db8-8ee1-ea2c3fe99a63
TEST;TEST;6A;b1c3e12b-64f8-4cdf-9786-95f7f77354cf
TEST;TEST;5A;47027064-344c-453a-89c9-15ea216be5aa
TEST;TEST;7A;ca2099e4-02d6-4717-b372-e75d3df3ee08
TEST;TEST;6A;58f75b58-e207-41da-88ef-c23b1739310d
TEST;TEST;9A;f3fed162-7770-4729-b880-6a3af3c2815b
TEST;TEST;10A;8906dd6f-baf8-4198-a09c-d9d9cc759fa8
TEST;TEST;5A;9ac85750-002f-455a-9c71-ddbd9ab129f5
TEST;TEST;5A;f7238476-3600-45ee-a404-ea5d102049c8
TEST;TEST;5A;b7c5569f-e385-42fb-9dc4-dfe5ba096629
TEST;TEST;10A;13b00cbb-4197-47b0-b16c-584c1b5ad89c
TEST;TEST;6A;4ccf82d2-0588-4c7a-b1cd-e273beb63509
TEST;TEST;7A;15359d9d-be69-4309-bfd8-bb52dbfa5bb0
TEST;TEST;6A;637c871a-f69c-4070-b9ed-9c3da20426b6
TEST;TEST;7A;63698276-4020-459b-a651-cc92b5db6cdc
TEST;TEST;9A;bed6eb9f-9914-48c9-84e9-f1080f0d011d
TEST;TEST;5A;8054bb95-b60c-427f-82c6-d5ce44494cde
TEST;TEST;8A;31471aca-d22a-4980-8c49-c8835d0fd61a
TEST;TEST;5A;43b543da-d673-4459-9438-49e171177607
TEST;TEST;8A;e22bd4b9-10ff-4502-a30e-e729fcd9d26b
TEST;TEST;5A;21281f80-b817-4774-95d5-787b0cf84a91
TEST;TEST;10A;ef3356b7-4ed1-4881-ac11-4d931b5ec1cb
TEST;TEST;6A;6bc0fb5d-1735-49a1-a89c-dee52356bada
TEST;TEST;8A;d8436858-2d31-4c25-98be-1cafc2b35590
TEST;TEST;6A;09f65a79-96c6-4113-ac23-3eb6e7e97a3c
TEST;TEST;7A;9afa9744-ab87-4106-b231-df65514ab524
TEST;TEST;10A;3fec335b-117d-47ea-b67b-c9ba807a1b35
TEST;TEST;9A;18a3bb75-4d5a-40e2-9331-30aa77f5cb3a
TEST;TEST;10A;7ca1bf9f-a79a-41d8-b121-f2138f57c288
TEST;TEST;8A;1b75c255-b806-4ed8-8318-b9296238ea9e
TEST;TEST;7A;02667e40-443a-48e7-b95c-e6785497fc94
TEST;TEST;9A;a5ba3391-9159-45da-b431-64b88ea738b7
TEST;TEST;9A;4dda7bad-dee4-4389-b47d-7af01801845d
TEST;TEST;10A;a07ed946-f223-46a5-9a2a-08b0a8d230a3
TEST;TEST;6A;e538954d-d4e9-4a6d-99bc-2c2681666fc9
TEST;TEST;8A;63c8f0d5-056b-4987-9f22-5657e1712628
TEST;TEST;9A;1ea0268f-9d19-4798-9dcb-865f21df97e5
TEST;TEST;6A;1abbca47-221b-442a-bd99-fba3e282f4b8
TEST;TEST;8A;4c20ba79-b52b-4024-a5e9-7f8599aa6127
TEST;TEST;8A;970c30ba-1aaa-4c6c-8ada-8621bdf0ea60
TEST;TEST;5A;50189b82-84f9-408d-a14b-ac2e0ac3509c
TEST;TEST;9A;96d3bcfb-2752-4057-b5d4-5d94477228fb
TEST;TEST;5A;6c74a6fa-78be-4273-83e9-9698db364b26
TEST;TEST;10A;feaee086-dbf9-4177-84f4-b8df220a91f1
TEST;TEST;5A;dc5fe37a-2c2a-495f-8541-1a1c30959a53
TEST;TEST;8A;84f1eb99-b68a-47fc-b0dc-cf2b51741de2
TEST;TEST;9A;25af5e93-3e4d-4fc5-bc21-012ca44bff5d
TEST;TEST;5A;d78e6fca-d616-40c5-8fbf-c48f737a2082
TEST;TEST;7A;9e8deca6-93ec-48b0-a0d6-bad47da7e15f
TEST;TEST;8A;0e9f8e18-6e90-44e0-b81f-c04f0d13e23d
TEST;TEST;7A;2a8320be-796d-41f9-8c10-5bbafe731b72
TEST;TEST;6A;d54b0aa9-1f7f-4e6d-bb5a-be9d7133cb4b
TEST;TEST;9A;74f2a11b-96d6-4e0e-8ad7-b9d7ed1a23dc
TEST;TEST;10A;2b8022e9-7073-43ca-a3ed-2d83b2a93aab
TEST;TEST;10A;70fffb8d-6f86-4177-a250-eb2ecb64a6a5
TEST;TEST;8A;93e244e2-16d3-4fbe-b223-e6f0987f4b9d
TEST;TEST;9A;f3a2cae3-0acf-4f3a-8ce6-3c16e4b8bd3b
TEST;TEST;10A;962c2d32-63a8-4d26-b273-184f69506ce2
TEST;TEST;10A;27fc8bee-59d7-4c5a-a2fd-9e5412883955
TEST;TEST;10A;c842dde8-9b7b-4a5d-82b4-284652c242e1
TEST;TEST;7A;34b6c80f-feaa-4604-bf49-2a42cf85b9e6
TEST;TEST;8A;f538a94a-08c3-4775-a078-21b3f3767432
TEST;TEST;7A;48dc9c88-8668-406c-b7f6-a422455564a9
TEST;TEST;9A;224061f0-52ab-44a7-9016-2b12707f0dbc
TEST;TEST;5A;be99de68-0b7a-4d60-9514-9f23bf8a21a7
TEST;TEST;9A;f2d1e1b4-7a8c-40f7-b7ff-e1532e9d4b41
TEST;TEST;5A;6982ff9a-0054-4e4e-a374-de79219f0d6a
TEST;TEST;8A;5184aa1a-98e3-44b7-96be-2fba5bc11577
TEST;TEST;5A;b0e6f283-f927-43ab-9929-fb7f0a2526d9
TEST;TEST;5A;a374f6fa-ae26-45a9-870e-4565f5239a5d
TEST;TEST;8A;5e1118ca-ee31-41aa-ae1a-ef732f26ee9f
TEST;TEST;10A;f4c52c4f-c6fd-4385-80b1-707277a8d58b
TEST;TEST;5A;b6cabd6c-638c-4d5d-9717-4bce8bff7001
TEST;TEST;6A;11e99ca0-c542-49ea-bfff-c7a3de5c4ef8
TEST;TEST;6A;61957274-00d3-4747-89dc-cc6d9445a882
TEST;TEST;7A;9d48743e-83c1-459c-9e1f-1e30c6c3d116
TEST;TEST;6A;481539f2-76bb-4f7e-af09-d1257c17188f
TEST;TEST;10A;98c882fe-699c-40a2-a3e5-cdada15862cf
TEST;TEST;8A;7278efe8-f5b9-4550-86c2-b0e58544f6b0
TEST;TEST;9A;47ec9b78-9931-4f5c-9d0d-0cb29674a44e
TEST;TEST;5A;c606625e-faad-44b5-a044-715e6700360c
TEST;TEST;6A;b95d7bc3-d722-495f-802c-aa75c972db1f
TEST;TEST;6A;9e84d527-5361-45d5-bb7b-e0e7b9807a58
TEST;TEST;8A;3a25c3cb-5e3e-41c3-882b-648686114823
TEST;TEST;9A;6e2145e1-b08d-4b3a-97ab-72c8125beeb1
TEST;TEST;10A;5f74fa3c-a0d1-43d1-ac25-80052041adf6
TEST;TEST;9A;c5da9dfd-7e93-4948-998a-0f1f66c5668d
TEST;TEST;5A;53b47dbf-e9b2-4a68-af49-fd65ff6cfe23
TEST;TEST;5A;b2778c7f-5c71-4ae3-8a86-0e3f4976b1f5
TEST;TEST;6A;89eae073-ebf2-49ef-9ad1-6bb01231c71d
TEST;TEST;8A;efc02ee9-0039-498f-b1f5-e88aa3c772d4
TEST;TEST;9A;9faee19a-8188-4e90-94d3-66147bd6e780
TEST;TEST;10A;8174fb52-297e-4b08-bc4b-5ab6ca3ce69a
TEST;TEST;5A;b3617595-350c-40f7-9fe2-11bde480a15a
TEST;TEST;9A;ae1f499d-d5ad-4106-aa22-c7ea1753a2ec
TEST;TEST;6A;5b32cb9e-335a-4775-8ff8-55707d2f6a87
TEST;TEST;5A;c2ed398a-909f-4bd4-920d-38edc5475610
TEST;TEST;5A;23824259-6d9c-4e78-9b2b-c098deb38e4d
TEST;TEST;6A;49a3cad4-4a81-4aee-af4e-9f0bb8310e5e
TEST;TEST;8A;ed24fec7-a48d-4aa0-9a4c-f776840bdde4
TEST;TEST;6A;87670986-d9d5-48a8-94f2-b07539d897b0
TEST;TEST;7A;039d2a99-edca-4701-9346-03e4010a7edb
TEST;TEST;6A;44a904ae-0ff6-4585-a267-f5dc79f8007e
TEST;TEST;6A;aea209a5-81ec-4e2e-a38c-3ad7e237b316
TEST;TEST;7A;dbf69351-64e4-4bc8-b680-b5e12b1720ba
TEST;TEST;10A;d6e37809-e4d0-40db-a575-ed156c13ae02
TEST;TEST;7A;d4da3ca8-da52-4f4e-a1af-d77402b5c150
TEST;TEST;10A;0665e958-5dd5-469d-931b-56a613df1505
TEST;TEST;8A;c33d358c-666e-43a4-8988-56cfc4a74670
TEST;TEST;8A;7cd3b893-68c6-4a2d-ad35-39a233de4398
TEST;TEST;7A;9b10cc16-2262-4587-83d8-26a7800b88c2
TEST;TEST;7A;527791ef-7354-4f8a-a7c1-0efb32b9e04e
TEST;TEST;7A;d140394a-18ae-4f63-8fab-8b1e435735f5
TEST;TEST;7A;f83def1d-c129-428a-b4f0-98ffa1a77dc7
TEST;TEST;9A;d9cac086-1390-4c76-8b47-50b4cf96a257
TEST;TEST;9A;e6548313-26e6-4736-b36b-4fa154fb7abe
TEST;TEST;7A;3fa05e52-685e-479a-be9b-b05317f81d99
TEST;TEST;8A;0a993879-708a-4d80-8d4e-88739ed5d2d6
TEST;TEST;8A;db621eb1-469c-496a-90a8-5f3980524643
TEST;TEST;5A;1a732ced-ddc6-4b7a-964d-3ec2b4378ccf
TEST;TEST;7A;04ce7f24-580e-45ef-aded-98e42634b795
TEST;TEST;9A;cdadd41e-6b56-4b2e-aac4-ffb62b3f4f6e
TEST;TEST;5A;806a5eaf-f313-430b-ba6f-3836a18ee2d5
TEST;TEST;6A;a258fd7e-72a8-4233-9b3a-38c0b0bffc74
TEST;TEST;10A;102c6844-7609-4d72-acf0-35eaca751468
TEST;TEST;5A;fe813178-442d-42e8-ad2f-a43a2d454a57
TEST;TEST;8A;6a0db780-db4e-4940-8e73-ff4ff2fbeb73
TEST;TEST;8A;e0950c48-70d4-43ba-a35a-2b76ca96baa8
TEST;TEST;8A;4c3fdd0e-1a3b-4fbb-a6b3-066112139133
TEST;TEST;6A;bdfec57d-7209-4183-a25e-61f93b1657d3
TEST;TEST;5A;c5d06289-5e37-4e82-9388-7b050520b13f
TEST;TEST;8A;019260db-20e3-4e64-af92-3dd308d5f742
TEST;TEST;9A;46a1fb2a-95cc-41e6-bf4c-c2c63483103f
TEST;TEST;6A;dd47859a-b013-4026-b029-d89b922c4717
TEST;TEST;7A;ab5227ae-5738-4f8c-8baa-01a8d2472103
TEST;TEST;6A;1ac0ae8d-73b2-4253-84d6-8a42cd45558c
TEST;TEST;8A;6c8ef295-9515-4718-8dc9-c70ad40af302
TEST;TEST;9A;81ca99b3-54b5-4dea-b732-40ce2878e074
TEST;TEST;9A;b68732a6-7015-4216-a7c1-d4c4bc5b3b68
TEST;TEST;9A;28227ac4-bdcc-46c7-a116-18882bd384a8
TEST;TEST;10A;1be6e27e-4686-4e66-8f7a-ef5ffe46edbf
TEST;TEST;6A;8159dae0-118b-498d-99e8-7ab71553228e
TEST;TEST;6A;c49160f1-baad-43f1-8ae3-f14b3020b744
TEST;TEST;7A;3481012b-6f64-45b6-b014-0192afc5dfdc
TEST;TEST;10A;457d5206-98d9-48f3-bd10-db0ac5a37055
TEST;TEST;6A;bb1d83c9-6363-460f-ba46-cd9810390cd7
TEST;TEST;10A;7ef15e6e-407a-43be-a1c0-65801a7e05b6
TEST;TEST;8A;9aa3fe48-957d-4143-97b5-6720ee5b7e61
TEST;TEST;10A;bc5b2908-36e8-454f-9592-fd922589313b
TEST;TEST;5A;5f731155-2d29-4bcb-8b4f-8e07cbcc688d
TEST;TEST;6A;1007e631-8009-4417-aa29-4dad040a1555
TEST;TEST;7A;7c380ee3-abcf-4693-9b4d-b2c07d2ce057
TEST;TEST;8A;3fa6571e-88d4-44ec-a042-63f2dbd7bb0c
TEST;TEST;8A;3731afa9-b7dc-4ae2-93c2-ee70e85ba782
TEST;TEST;9A;4ebb711f-040e-45eb-b807-6b7de45aa905
TEST;TEST;5A;865afcb3-aa57-4ab0-9536-89f334036c3c
TEST;TEST;7A;a241125c-4314-460b-8bbe-9d668cf0353b
TEST;TEST;7A;cd7eb7c8-f87e-4a36-b53c-ab158b52a120
TEST;TEST;9A;9c32db49-17af-4871-9e2e-617a2530872b
TEST;TEST;6A;4809d3f7-458f-43f5-8a1a-ae87cf1f61a6
TEST;TEST;7A;e47173f0-31c6-4bc9-98a1-15fa358271d6
TEST;TEST;7A;0fa11ed1-0a17-4250-9fe0-080c05826491
TEST;TEST;8A;7b654db1-8dd7-4d2e-82a9-a4741d776c79
TEST;TEST;8A;5bb71bf4-1b16-4c90-9c40-551bc63752db
TEST;TEST;6A;f7b8316d-b4b5-4120-b15c-732b46a4655f
TEST;TEST;10A;4eb2b940-cfc9-479f-b94f-8ecda95383cb
TEST;TEST;10A;6a4864ca-25c4-4e86-83cc-5bf6bd094165
TEST;TEST;5A;accc3cea-6673-4f5d-84a4-af8e10602a60
TEST;TEST;6A;71272e27-077c-438e-860e-e5c3e80774b2
TEST;TEST;6A;64f370b1-1d3b-4147-bbb4-c0bbd968c171
TEST;TEST;9A;881d6cc4-0ea4-4d6c-bb97-55c811ebefb1
TEST;TEST;7A;8d5ef5ca-983a-4152-9f0e-4703bf6da086
TEST;TEST;6A;a0c50684-3bf7-45cf-8919-c1edae5392ea
TEST;TEST;7A;8118a1a9-124f-4138-8a47-6f2de804bc7f
TEST;TEST;6A;008f6b05-e459-4d44-841e-5847cde4030f
TEST;TEST;6A;048eeaf8-80e7-4537-804d-836c4e52cd69
TEST;TEST;10A;08464bde-374e-4ddc-8d1c-34f675c828e0
TEST;TEST;10A;b81c8758-f8dd-44b6-9640-8e7ede689429
TEST;TEST;9A;df4c903e-ff34-4180-b5cd-b7960ddd782b
TEST;TEST;8A;009fd5e3-d381-4b45-9646-bb9b2df8d8f2
TEST;TEST;6A;a5b7681d-e078-4b00-87d8-fbf7112e62bd
TEST;TEST;9A;f5faee68-f1dd-4919-bf5d-0f49ee82fb7e
TEST;TEST;5A;b4828fb1-ce92-4b14-8222-8b1a82986857
TEST;TEST;5A;fc2337b7-deea-4c20-a707-d71add40a486
TEST;TEST;9A;f98d1e85-2dc5-4ddf-88eb-88390318713c
TEST;TEST;10A;a0b9cb1c-115b-4185-a788-3b1fb5fa2191
TEST;TEST;8A;8f64b97e-261d-420c-a99e-9a14e2b3d5fd
TEST;TEST;10A;1168eb6e-9493-4c3a-8b99-1f2de1ed5fa5
TEST;TEST;6A;6ce10a92-5748-4795-8551-bbb8985b2cbe
TEST;TEST;10A;b87a5bf9-f279-46d4-8fad-cdc2fa115cdd
TEST;TEST;9A;483bdca7-071a-4374-8ad4-b2fb7f23ab20
TEST;TEST;6A;3f0d4b71-6395-41e0-96c0-dc57e5c809c0
TEST;TEST;6A;205c11ec-5b32-466a-86af-43589333149c
TEST;TEST;7A;aa90f68e-1cab-4e03-b65b-fe6604e62d1e
TEST;TEST;9A;f70a7574-db79-4bbf-8688-bcdaaef8f801
TEST;TEST;6A;1354bfe2-b17a-4342-9e4a-6562f69a4e3a
TEST;TEST;9A;2c4c79ea-5e42-4a5b-9a00-266161e42d31
TEST;TEST;6A;15a03b57-9c72-468c-9cf2-374e3956c5f0
TEST;TEST;7A;5ab0d3cf-2cbc-4ac6-b207-5f2eb29c33c6
TEST;TEST;9A;29462790-ee7d-45ad-bb5f-f8fa3be1338a
TEST;TEST;7A;05ecf1c5-3071-4f72-acfb-0a85cbd12e4a
TEST;TEST;9A;ae7edcf3-b335-4255-a150-364645a13158
TEST;TEST;7A;b5d0b408-d116-4ef6-ad0a-4b8fcfa479cf
TEST;TEST;10A;e0857d5b-da02-4244-8aa0-481d8a29177c
TEST;TEST;10A;8d267b92-dc54-4a8e-a055-28def64664da
TEST;TEST;7A;41aa133e-96a5-471a-a4a0-30659042c448
TEST;TEST;7A;e025db93-d530-4b39-942d-d207a247b8e2
TEST;TEST;8A;3b81215f-ec53-48e9-b79f-b8a9fe54395b
TEST;TEST;7A;c0f36613-77fe-42e1-bddc-41132587108e
TEST;TEST;5A;a6381d1a-9fd1-424c-b150-ef7f42272b62
TEST;TEST;10A;0c80e498-ab78-49cd-85ca-2c545b0a3a76
TEST;TEST;7A;38cb21c5-47e9-4291-94d2-86074a8317c2
TEST;TEST;7A;de642322-d4ab-4c30-a275-fba8d6a9bf01
TEST;TEST;10A;3390a41b-5f94-4b05-8a7d-e2c96e425888
TEST;TEST;5A;3fc48eeb-9e8b-43cb-8222-148a56fdc39d
TEST;TEST;9A;f724b87a-92cb-4fb7-9d19-90aadb4044aa
TEST;TEST;7A;aab5d106-90aa-47d3-8f93-39d18cd0fc09
TEST;TEST;6A;404b3618-40e6-4cf8-850a-5028c027d4e8
TEST;TEST;7A;8ac82635-8735-4227-b155-221c5a0d7a98
TEST;TEST;8A;dbf33785-45ef-4bff-8221-57f65e209d64
TEST;TEST;5A;1baca1f4-24f5-40f3-bcf5-e26a54d82717
TEST;TEST;6A;a82f55bd-c71b-48b8-9dd1-335f26ec7e1e
TEST;TEST;6A;282648dd-7165-47f1-a671-891f15b7dd31
TEST;TEST;6A;6b3d7d75-3ead-4bbc-a751-851d3c3e27be
TEST;TEST;9A;4ced3f89-a79f-44a7-80ff-c25d8c815821
TEST;TEST;7A;252932fe-8ffc-4e4e-9809-6c59cfc1a73a
TEST;TEST;9A;3b2e8316-1d97-41de-a17c-722e3c061b2c
TEST;TEST;10A;e5980c7f-bdab-4998-943e-66955a0498ac
TEST;TEST;9A;0071707c-621c-47de-8949-fa49ca327033
TEST;TEST;8A;d6e72350-1d3b-40bb-bf5d-a5a71470a9c0
TEST;TEST;6A;9ee05b24-8528-4bfe-9f46-bc22e11f3859
TEST;TEST;7A;525f1a29-8040-4bdb-a4a9-54b6772f0cd8
TEST;TEST;10A;16ca6b10-3444-49f6-a351-cd2b8611692a
TEST;TEST;10A;91b5ea53-1c7b-4258-8204-80dfd221a41e
TEST;TEST;5A;fd3079c8-5f64-4d1f-9b90-2969af53adfd
TEST;TEST;9A;6a7df0ed-f605-4d1a-a0e0-cea8b718a8d6
TEST;TEST;6A;0fc1ddd7-9b01-4046-991c-9d8feac11a1a
TEST;TEST;7A;c986733f-82ca-4834-910b-ab33ebeb6634
TEST;TEST;7A;9bf94c26-959b-4492-8f08-afd2e09ec6d6
TEST;TEST;6A;d57e5079-ac60-4c58-a0a0-9ea40fc725fa
TEST;TEST;5A;510207ee-ec0b-450b-abc0-1fac39c9911d
TEST;TEST;10A;3bb345bf-53dd-429c-a8aa-9cd78d5dc2e1
TEST;TEST;10A;588c3c19-626c-46d4-8bbd-b1bbdcebcaf7
TEST;TEST;9A;d6b9265a-49be-4599-8aef-c2fa04fe9996
TEST;TEST;9A;3ebdc1a9-0529-478e-8053-8e712984ad68
TEST;TEST;7A;ffb4e021-7a75-4bdc-bdb8-cee0d9fe9a25
TEST;TEST;6A;c8d82c03-7781-4f6f-aee7-bc5cbe33bb19
TEST;TEST;5A;54cce333-1273-4a05-85ce-11c9f40b7086
TEST;TEST;7A;692dec6a-b44d-4415-8892-0d6fb5b0355a
TEST;TEST;9A;6035a3b4-c30e-43a5-ae4d-629120b71f6f
TEST;TEST;9A;76443a4a-da8d-437c-a407-1e41d7334d1a
TEST;TEST;8A;6967f047-1583-4403-8b25-d17b17b39ca6
TEST;TEST;7A;aaff99e9-01c1-4816-b43b-e210fd1472df
TEST;TEST;9A;eefd23d2-b1ca-4e1d-b354-7b4ec0c89043
TEST;TEST;7A;6347b94a-78be-4a23-bae8-c6ee6ab45df8
TEST;TEST;7A;3071f70c-4ee1-4c60-a1eb-53bb5be5ae3a
TEST;TEST;5A;0a9da987-c721-416b-9e5e-9c75bd2d2051
TEST;TEST;8A;819297f5-f45e-4141-bdee-0efef4d52703
TEST;TEST;9A;7f1d5ad5-43be-47b1-8643-7ae575ee8f11
TEST;TEST;5A;b9e90d51-e9a5-4a07-bcf9-ee2e7f791558
TEST;TEST;10A;5c142654-9cf2-41ee-9938-93575c41a12a
TEST;TEST;5A;eb6c2903-9be5-47d2-b9d2-06091bfdfada
TEST;TEST;6A;48f38f68-40f7-4726-bc90-a2bd73d18cc4
TEST;TEST;8A;a8aefeb2-5a7f-4ae5-87e4-4ab460133a74
TEST;TEST;5A;854ebf88-d4d5-42ae-84bc-37efa5f6bb24
TEST;TEST;6A;c256baa9-064a-4f57-8146-1554140338f8
TEST;TEST;10A;28b4d2af-8f30-4bc5-acb9-13a0784ae19f
TEST;TEST;10A;48ec0896-297b-432b-a5c5-b8c6c9247898
TEST;TEST;6A;0882d044-cf84-44b7-a6dc-153712ba687b
TEST;TEST;7A;7972f121-13f5-44e3-833a-4d432ae82cd6
TEST;TEST;7A;45c4972a-e118-4776-812b-5ea8769dff2d
TEST;TEST;6A;5c3bde7c-eb58-4b56-97ec-04167b95c6c9
TEST;TEST;7A;6a5b9e12-5631-4149-82b5-c1b954191d06
TEST;TEST;8A;92644677-e1b0-4909-b46b-8697254a846b
TEST;TEST;7A;e11ec3e0-1231-4982-be4d-5f40515ee05e
TEST;TEST;10A;e08a4d4a-7a70-42fc-a697-badb1b81405d
TEST;TEST;8A;57caa7c6-dfcb-4794-9ded-5efec202340e
TEST;TEST;9A;b3fcce97-d910-47e2-a4b6-a4d78d65f89c
TEST;TEST;7A;2bd575a3-1637-43c1-a9f1-7191980000ef
TEST;TEST;7A;0addf550-fe93-488f-9b34-4a4b6a15f88d
TEST;TEST;9A;23365dca-f647-47df-9668-c1fd22566319
TEST;TEST;6A;b2208007-c0eb-4483-9594-4895ebe646d3
TEST;TEST;7A;2879abf4-3099-4de7-af90-7898275c27ed
TEST;TEST;8A;cebebe16-8d61-46a6-a906-de5a8d178509
TEST;TEST;8A;9a01c079-b78f-4d7e-a49e-b7ad1da3fc4b
TEST;TEST;8A;ede051e6-01ce-4ea9-a550-ca618c8ae9a3
TEST;TEST;6A;556bb3a8-4b05-463a-b585-c91f8c7b70cd
TEST;TEST;9A;90a2ce6d-b215-4ce2-b4cc-023b53ce0fd1
TEST;TEST;10A;507a4ca0-3c83-4e5c-a292-ab3a93ea0cb6
TEST;TEST;10A;12ce23b7-901e-48d9-9d9c-8b2417197909
TEST;TEST;5A;6c1cf43d-7c2d-49e1-9626-5efeabd19055
TEST;TEST;6A;175f12d0-5818-4ffa-a1de-b79d10ed60a7
TEST;TEST;9A;b805ffcb-48d0-42b7-9895-a4c53107a522
TEST;TEST;9A;ba2211c6-7e8f-4690-b8fb-ef7a27259571
TEST;TEST;5A;d4715fa2-153f-4275-a56e-5247c2cdd49e
TEST;TEST;8A;829dea3a-2852-4c0f-8ec3-bc07b70c5104
TEST;TEST;5A;b871abc3-847c-4acb-8bb5-79030a5f5590
TEST;TEST;5A;74c406c6-819d-4301-9d28-ba95c5dd7eef
TEST;TEST;9A;fa114215-57a2-4c47-a40f-218d255c783f
TEST;TEST;7A;d5f81eb4-69a3-4582-9fc2-3f596def5f58
TEST;TEST;5A;a4e95257-adcc-4807-a4b8-7bae9c14e3d9
TEST;TEST;7A;d6a34eaa-8467-4570-98d0-44057e76b9a4
TEST;TEST;6A;e299fedc-3ee1-4a06-9485-82dbbf2053b2
TEST;TEST;6A;f0a15b0c-86b6-44a3-927a-7bda0990b472
TEST;TEST;6A;824fc0a3-9776-4dc8-8a6e-457d3e36402b
TEST;TEST;9A;d14a3a81-62f2-45e4-aa7a-0fb56c6df16a
TEST;TEST;10A;f790de41-44e8-484f-8601-0dddd592aed5
TEST;TEST;10A;8bb1ed3d-5f97-497a-92ae-85f0b137d2ca
TEST;TEST;6A;e066954b-a4d9-4998-b149-34b811eb2f79
TEST;TEST;5A;6b058f55-a58f-448e-b170-9e20c37cba2d
TEST;TEST;7A;118c18a5-7af2-40b2-bc11-9e41d667c731
TEST;TEST;9A;ea586b94-22a3-4ffb-bb0d-82f333ddfd56
TEST;TEST;5A;562c1e1a-53f3-4839-b0ab-43541cde98d0
TEST;TEST;7A;ccb7b199-bda0-421b-a558-120df979759a
TEST;TEST;9A;9a036026-e9ef-4d82-a5eb-e1c83cbed809
TEST;TEST;6A;cc7f46ae-9c6e-49aa-a761-5a82516fea30
TEST;TEST;7A;a671a5c6-c538-4c45-b976-f4bb5d97fe34
TEST;TEST;8A;df07aa16-b9c1-43ac-8d30-52a83435cd44
TEST;TEST;7A;2ee85aa6-fd5f-4832-824b-bde1e3b48f92
TEST;TEST;7A;5b257d03-5bc4-4d25-b8b3-4fe509eeb011
TEST;TEST;9A;430e7ed0-d06f-4e39-8af3-6d1923dfba0d
TEST;TEST;5A;2f3342f9-1c3b-4be3-828f-310d578462b6
TEST;TEST;10A;422c4361-9daf-499f-b284-9255a0ff99ec
TEST;TEST;8A;d3e9e610-a504-4d01-8659-6ebaed299400
TEST;TEST;5A;88f5a20d-5767-43dd-a073-875fc7fc588b
TEST;TEST;6A;da0e8593-82af-4b7c-ba4e-f105f109335d
TEST;TEST;5A;a6b9f66b-a6d5-4268-8d9f-d65c8f5e9aa6
TEST;TEST;5A;3735f3fb-805b-407a-afa7-da4b8961c657
TEST;TEST;6A;7c2bbf57-794a-44ff-9a0e-7fc3f6b8ba11
TEST;TEST;10A;10e2ba7b-3150-4cab-b38c-415c2021c9ab
TEST;TEST;9A;54f6e7db-1a97-4518-8e7b-ed86795a212a
TEST;TEST;7A;d63484c3-9af7-4e90-8343-f2de4dda2643
TEST;TEST;10A;3e086fc6-24a9-43ba-9c8c-6d5290dbb04e
TEST;TEST;9A;e81e3be7-1a23-44a0-964b-df38ce3dac18
TEST;TEST;6A;1e5166d6-de57-4123-a661-d519ba35dca1
TEST;TEST;8A;f9d49b50-5d1e-4e65-8526-1bc7eac18c88
TEST;TEST;5A;f09e918c-35ff-48db-8e9f-0012ba2dc1cd
TEST;TEST;7A;44a38f5d-eae2-4e5e-b35a-7cf771cfdab1
TEST;TEST;6A;3cbca458-afdf-4ff8-a554-e1139153fe6b
TEST;TEST;10A;89c8341e-6889-42d0-aa98-8836b7e34907
TEST;TEST;9A;3acc1881-342e-4490-aecb-d06abcce1efe
TEST;TEST;9A;1f46160b-820e-4a72-afc7-f7d9c05e5308
TEST;TEST;8A;b5325766-79fd-4c5e-9d35-f6e14005082c
TEST;TEST;7A;4cee296c-079c-462a-b37d-e072318d7710
TEST;TEST;9A;e1ce7769-3eff-40ca-bf11-90b897c8492c
TEST;TEST;8A;e7acabcd-fcc7-4790-85f4-a6b825a4de70
TEST;TEST;8A;0687b4c9-a648-433f-9230-5afbcd0889d0
TEST;TEST;10A;159d1839-ab39-4a03-a8a3-1a7f7db7b7e7
TEST;TEST;6A;65102043-7a66-4b26-b585-71b2d7bd55c6
TEST;TEST;9A;9dfd8adc-2196-4dd5-90be-f54cf3b08483
TEST;TEST;5A;4e5b5af6-eeda-4740-b1ef-9d67a86772a5
TEST;TEST;5A;fe1f63c8-97c9-4853-b746-eb30bc86fd41
TEST;TEST;10A;21d1bf82-aca2-48b7-8e06-e5982fb6b0e5
TEST;TEST;7A;e2093ae3-ca59-46ee-bf56-cc6cd3b6b567
TEST;TEST;8A;f5c8ef22-2417-4b2e-b01b-f70d41467d4c
TEST;TEST;9A;b0b7b950-681d-4d2d-b6fb-eae02b1ec512
TEST;TEST;9A;7f52e2d5-f27f-4e2b-901f-639a4adf1413
TEST;TEST;10A;075cd297-8924-42a1-8f4f-801bbf8f3880
TEST;TEST;7A;20307c33-4d31-4a65-9551-29f6894f9a67
TEST;TEST;10A;cb591f7a-37e0-42fc-af0d-5914e003a9af
TEST;TEST;9A;4ee70f78-8a35-4caf-ac15-178d61a97582
TEST;TEST;6A;c62ccfe3-8115-44e5-9873-87e9e33b1636
TEST;TEST;6A;b0ce3449-4903-4c4d-b60b-ea6765a14f03
TEST;TEST;9A;df8bd298-1059-4fd0-bcc5-e9ce3c738ae7
TEST;TEST;5A;de5174b4-3cc1-4ba5-bf54-0bce702003a7
TEST;TEST;5A;5ad1dd03-7a2f-4a49-90b2-3b8c4d90cea3
TEST;TEST;6A;77f244f2-9eee-489a-9873-41bec0fbd6e3
TEST;TEST;8A;51614715-51e2-4706-a5cb-9f060e0e90dc
TEST;TEST;10A;9264b672-d3bb-4307-a9be-31d73509028a
TEST;TEST;9A;bf925fff-3970-4a8d-b719-e0a29098e0c5
TEST;TEST;5A;112f8cf5-0cf5-4799-b17f-3d0bbd24daf8
TEST;TEST;7A;a73381d9-55db-4a2b-a2a0-7faa783db1ee
TEST;TEST;10A;f1091328-577c-4264-9579-ebbb7138797a
TEST;TEST;5A;ec0d2d49-6ffb-4fb7-a811-035a11525a74
TEST;TEST;10A;87be905f-f126-4a00-9be1-8a3e4bf40bc3
TEST;TEST;5A;b6ee660e-3bac-434c-a503-944e6412c7af
TEST;TEST;6A;b0d8e600-9452-4b8a-ae52-c74e166f906a
TEST;TEST;8A;a4856662-c4f9-4a61-97a7-f6620e5d066e
TEST;TEST;10A;62239805-a0ca-47c3-bfc6-cc11315d18b5
TEST;TEST;10A;fc67e29c-75db-4859-abee-18899596d055
TEST;TEST;5A;e59b9689-f708-4bef-a913-df8a87de28df
TEST;TEST;5A;28276e07-ac3b-469b-a203-02577734b287
TEST;TEST;5A;8738fce5-0a6e-4d2d-a8a0-49fd49387917
TEST;TEST;7A;ee9914a4-77b3-408d-b431-5983f1da8f7d
TEST;TEST;6A;2ba928fc-c93e-409c-8c1a-69acb0924774
TEST;TEST;8A;878a30cb-fc85-4f3a-8508-026e3624432d
TEST;TEST;7A;e6be763b-76cf-4f58-93a3-e483f954a711
TEST;TEST;6A;71c85430-a728-4540-a298-4e6fe0b836a8
TEST;TEST;5A;47e9184d-cd17-4fa1-bb53-1ba05b8f10d6
TEST;TEST;8A;2344f2e7-cdf7-463a-b2c6-17029f72304f
TEST;TEST;9A;f0ffb28d-aace-4ee2-afc9-d6a64420602b
TEST;TEST;8A;dfe2883f-9213-4d06-8a8e-5ed034debb6c
TEST;TEST;9A;cc8f2a5f-822a-4807-a3b9-b08f37039bc6
TEST;TEST;10A;537a6d6e-6465-4108-95a8-47f282e7c19e
TEST;TEST;5A;2fc56ade-d88f-4d1d-8229-df110cb005b2
TEST;TEST;9A;66204d35-2edf-4a07-813e-dc965852327d
TEST;TEST;8A;89d34c77-156c-4b69-8e49-9762169021f7
TEST;TEST;10A;ccf708c4-2d21-4b4a-9287-411d569da0fa
TEST;TEST;9A;e7d406bf-a7af-4b40-a43c-d33a9c38b298
TEST;TEST;10A;896ab930-5ae1-4ba4-8ece-3f416b9fab0c
TEST;TEST;5A;5093a979-d69f-4642-85ca-43492f589513
TEST;TEST;5A;8ff5f29a-22b8-447c-a2ce-97b28d0adc8f
TEST;TEST;7A;a7a05bc6-546b-4719-8654-8a72d47f4164
TEST;TEST;5A;e434e5e3-45b4-477d-9b93-ddd969f2a3e9
TEST;TEST;9A;5006a1b2-8b4f-440c-9c69-52d33677dd90
TEST;TEST;7A;9f57df0c-d006-4aa9-8246-c9303d7855e2
TEST;TEST;5A;297e85a3-9cc5-4d9f-811a-92440eafef58
TEST;TEST;6A;e99bf765-9e1b-47c5-855e-e2406f7486af
TEST;TEST;6A;e86be525-80c8-423a-82cb-fe98e1486dfa
TEST;TEST;7A;f6100ad2-d150-482c-be25-85ce16801841
TEST;TEST;5A;d5e70902-efc4-4cf6-9c3a-eb6d658b4f52
TEST;TEST;7A;665b2392-4094-49f8-84a6-7e63545ec106
TEST;TEST;10A;f227a202-70fc-4968-8a88-860561146aa5
TEST;TEST;10A;61cab42b-ca1e-45d1-b202-0fb60593c1e5
TEST;TEST;7A;9347f376-b4c0-41ea-82cb-de05384cba47
TEST;TEST;9A;7d06b577-f20e-44f1-bf30-3a6a27154b1c
TEST;TEST;6A;190b4dfd-1eec-4748-9efd-6955c8b8bc80
TEST;TEST;9A;9bec79ae-15e4-495c-a9ae-7b78076ac6ae
TEST;TEST;7A;78f982bc-db05-4ac7-bbe7-45c928de4342
TEST;TEST;8A;5bd201e3-c62a-451d-a709-97097e74be63
TEST;TEST;7A;c9fd933e-be71-4945-80b2-b100ebf120e3
TEST;TEST;8A;8c7ca694-9f34-4ccf-b7e7-ed41fb9d5d8d
TEST;TEST;9A;a9ffb0a4-9757-49da-be75-9905ce29be67
TEST;TEST;5A;889e71a8-9115-4d85-a496-6c442e400e8a
TEST;TEST;10A;bb56805a-3d65-4deb-acd7-abdf033a5e02
TEST;TEST;10A;ffe4edc5-a861-46f1-b5a5-27acded4b7fe
TEST;TEST;7A;13b9cdfd-5b03-4d51-b621-723eff45e26a
TEST;TEST;8A;017195dd-7c74-462a-a330-f5f36a23dd1f
TEST;TEST;10A;f1541c2d-019e-4e9f-92e6-102715277b32
TEST;TEST;5A;125f49d4-425c-4d0e-9fd0-b7c089819b6a
TEST;TEST;10A;faf306f5-0328-4222-943c-2c3ae34c5cc3
TEST;TEST;7A;7d4b3d28-e88a-4b3b-b6a1-69daf07040e0
TEST;TEST;9A;b7ac0f0f-ec04-4b80-9a85-180e7b924096
TEST;TEST;5A;edfdce75-36b0-459e-8f2b-6266c1c2f0a4
TEST;TEST;10A;8e7063d5-510e-4437-9293-23108f4fd850
TEST;TEST;7A;4d150873-e9f9-4a8d-9511-aaa45332cafe
TEST;TEST;10A;da161159-b739-400f-83d8-4849ec850ba3
TEST;TEST;6A;7f6ec2a1-ebbf-4425-be24-c89be040cd09
TEST;TEST;9A;7f6a7d2b-4aeb-4ad8-a057-264ba7be56a9
TEST;TEST;10A;63177754-09e8-458b-a1d3-7bb2fc266d87
TEST;TEST;6A;d46f9226-bead-439a-b743-4def7387a726
TEST;TEST;10A;a59930f3-a7da-43f3-a123-28e5d53995f6
TEST;TEST;10A;d2d5f021-6eb1-4f90-b9f2-62ffb860f3af
TEST;TEST;9A;b1257d1c-d685-4c81-a833-6d57a4f5e7cd
TEST;TEST;5A;8bd7d349-265d-4eb7-b5b5-a4d92d9813d9
TEST;TEST;5A;31c92360-cc75-4bfe-b9e3-ac17491364e4
TEST;TEST;8A;fe85ad16-2156-42ac-b512-84582e4ebe6d
TEST;TEST;10A;ef9c2a34-88b7-407e-8ba0-954e43b5bcbe
TEST;TEST;7A;0f0b5f7d-1afc-4467-a510-f864b22c8eba
TEST;TEST;7A;97b2ec60-08a8-471d-acad-1cd6c7bad0ec
TEST;TEST;10A;f22c95e7-43a4-4b84-924f-dc8538567c7d
TEST;TEST;10A;e99936bf-8740-4496-94da-f79e23ec180e
TEST;TEST;10A;38436cc9-d6ea-4660-b31c-79a8436cb77e
TEST;TEST;10A;3279ad39-1b65-4ecd-bcb6-23bf8beffc9f
TEST;TEST;6A;ed936568-203b-44ec-8a0f-a4ae243edb94
TEST;TEST;8A;cadb921b-1e74-405e-bdd0-08c1197897e8
TEST;TEST;8A;45d47506-0b22-44b3-ba16-4624e88d9c6b
TEST;TEST;10A;0b1b42da-8aa5-48ee-a809-c5f67c409085
TEST;TEST;5A;5a9734ed-c2e8-4d55-803b-317c71534083
TEST;TEST;10A;1fb623b3-429b-4a2c-9b1c-c341cf7443ed
TEST;TEST;5A;bdc0cf3a-5d96-484a-b8e7-372d11004ea7
TEST;TEST;8A;ebbf72ce-2f22-426d-8463-ada580142a10
TEST;TEST;9A;cfc10ae0-5042-4c2f-8cde-ac6127aa21c5
TEST;TEST;5A;c9c9511b-0c2c-4009-afdc-ed9177ebe9d8
TEST;TEST;9A;cd5975cb-bac6-4538-97ac-b2f17bdc5d98
TEST;TEST;10A;3057aa7a-165f-4459-9935-8192466b74fe
TEST;TEST;6A;06d198b3-05bc-4ce9-a20b-84ca5d00a1de
TEST;TEST;7A;2e535710-80ee-4ce4-976b-11e3cbbb68b9
TEST;TEST;7A;b8a74f18-b28f-4f31-bcc6-38b08b7496b7
TEST;TEST;10A;bf57289e-3ab4-4d29-ba60-d1c0ec98256c
TEST;TEST;7A;06d5d5c1-b168-4ac4-972a-bada2a4096f1
TEST;TEST;6A;e5bab7c8-0af7-48e6-b77c-4e4e417a0e4b
TEST;TEST;8A;47ba9c01-2cbe-4ad9-8bd6-01b678fe6b82
TEST;TEST;5A;53dc134f-1289-4589-a8d1-126b3584fc19
TEST;TEST;5A;bb3a69ff-5dce-4f07-b1dc-d3700ca23485
TEST;TEST;8A;39497b0b-b0a0-4646-9059-6e8e7ce7aabf
TEST;TEST;8A;d10613f2-8785-4913-96ff-81b318b7064f
TEST;TEST;9A;9479726f-9706-411e-acbe-0396cf77b0bf
TEST;TEST;10A;d95c4daf-64f8-4c67-9147-3e230b64ee13
TEST;TEST;8A;2ca62508-6d1a-4edb-8d53-2abd7883818a
TEST;TEST;8A;c836328d-a52a-44e8-b271-7496d2083197
TEST;TEST;5A;162b46bc-8f16-4813-8d7b-dbd71c115cc2
TEST;TEST;5A;69d1fb13-d4f1-49f1-9a56-33012b390ab9
TEST;TEST;8A;54725336-e401-4533-973f-dc59517508c8
TEST;TEST;6A;a7c8ba3a-18b4-4435-941a-9ff116aef197
TEST;TEST;6A;29d187be-d73c-4be5-8b46-1bd0079cd4da
TEST;TEST;9A;3421b37d-0338-4b18-810d-8552e9401774
TEST;TEST;10A;ed34612d-57f0-4a20-92ad-ff6a74d29da5
TEST;TEST;7A;80e6628a-3db1-4296-b91e-d44fc021ed8d
TEST;TEST;8A;93677d2e-53d3-4a81-8831-0909d911b58b
TEST;TEST;7A;1884bb19-8cbd-4927-a699-c025b23fed8d
TEST;TEST;9A;0673b655-233e-4090-9be5-07a731e411f1
TEST;TEST;8A;95de7557-c4ee-44e3-a81c-43d86779ecda
TEST;TEST;5A;a16b53f9-751e-471d-aa95-001224e5f5e0
TEST;TEST;6A;0d006b98-4932-4770-908f-55116622ae96
TEST;TEST;5A;d988897e-45c9-40e5-9847-38408241cbcd
TEST;TEST;6A;3a13f950-3801-4b2b-9287-459b8de09e89
TEST;TEST;8A;8e9fccd0-d3da-4cde-9edf-1ecbf19f1fef
TEST;TEST;7A;d0318073-1009-4b02-a0ec-95774c0f6ade
TEST;TEST;5A;4cb6ce2d-89ae-48df-93e9-5822f9618fb6
TEST;TEST;5A;6a7f976d-feaa-4644-b672-d78768fc0324
TEST;TEST;7A;5b870489-b3fb-4479-b327-8a1f75e6e340
TEST;TEST;10A;bd47f582-894e-4dca-988e-0643dffa9ab7
TEST;TEST;6A;13cb8270-db87-4eaf-b9c2-7e46f7bf36b5
TEST;TEST;6A;60434909-2160-4f9d-a60d-2e35a745bfb0
TEST;TEST;9A;401a2bc7-2e4b-45bb-9eff-d4dabc2f2ca8
TEST;TEST;5A;d1a3e219-c5ce-4b96-be85-82e31d4b0ef4
TEST;TEST;7A;1429cd6d-18f5-4b84-8f99-88035f437993
TEST;TEST;8A;9aac2c54-c5cc-4b2c-a695-1593e196d47e
TEST;TEST;9A;8834f895-90ba-49ba-8746-b343009764fd
TEST;TEST;10A;ae7f60b2-de81-4da4-bc8e-f73bc9986db6
TEST;TEST;6A;54822003-2a6d-4769-ae27-1d6677eabfbf
TEST;TEST;8A;52b66be3-8956-4258-b5df-9811a8c60d6a
TEST;TEST;8A;ace8f88c-6b75-412f-b73b-8083adc3000b
TEST;TEST;7A;f448fab3-86be-49a6-a67b-33be33ac0c97
TEST;TEST;8A;e74d46a4-c0f2-49c5-bdc1-8b27b757d925
TEST;TEST;8A;68784cff-3e03-4137-a3f6-9d2c6d5e5db2
TEST;TEST;9A;c58daa83-8ead-477d-8ac4-de5466f45b41
TEST;TEST;6A;a954c317-9c9c-4654-a254-eaaec9c14d80
TEST;TEST;7A;42c75de2-c80d-4a84-9a36-05e2bb9578de
TEST;TEST;7A;66fe94b9-c4eb-4b21-b010-3971fd177581
TEST;TEST;9A;057ac1ab-50ff-4985-8e84-9475b28ce92d
TEST;TEST;7A;64a158b7-a488-48b6-a55c-9e4f924307ea
TEST;TEST;6A;4262d7f6-085f-4c8f-9096-8605b0eb2e06
TEST;TEST;6A;b32560f4-e619-47a5-984e-60a8b4383625
TEST;TEST;10A;bd96fea7-e2c9-4e15-a3db-4adf58ea1995
TEST;TEST;10A;fab5dc88-36cd-42dd-ab05-b0fe69b2226b
TEST;TEST;5A;31f5b8a4-c2d7-448c-90ec-32118b562df6
TEST;TEST;6A;3890c03f-0aa8-4d37-b257-827e701d28d4
TEST;TEST;8A;72e84681-1ebc-4e6b-9701-b8496c6cc952
TEST;TEST;5A;6632e63f-1d5f-4b46-bdf3-488644e3dbc4
TEST;TEST;10A;3bbc6f79-1b43-4844-9e3c-dd8e48247359
TEST;TEST;8A;86fe706b-afd8-459d-bd30-6fa6255f498d
TEST;TEST;5A;6661345d-ce25-43ee-a393-09ede9bf0437
TEST;TEST;8A;c20f44bc-e3ac-49d7-9a41-277a58214c35
TEST;TEST;8A;7f937be8-a018-4933-9e5a-ccd5bcb9efac
TEST;TEST;10A;1a3b351e-4a41-4b01-b4b4-2d0697a82936
TEST;TEST;7A;9680acd7-5b75-47e7-979d-4f32523c8ed1
TEST;TEST;7A;8464f3dc-ea5a-4dd8-86eb-1ce8923ba1b6
TEST;TEST;10A;ef051ada-c695-4ea2-bce1-87cd68caa73d
TEST;TEST;6A;28a29e08-159f-4e88-8b5a-ea28f55d7cf2
TEST;TEST;8A;d5beefde-1aeb-4e11-9053-0cea4d76f091
TEST;TEST;5A;5afc6659-fcea-4576-b929-ffef56733ba7
TEST;TEST;6A;5da1b463-c95b-4127-8a1f-a5c2d4855465
TEST;TEST;8A;056d40a0-a274-4916-a578-aa8b3851d56a
TEST;TEST;9A;b3593682-7f12-42fc-bee3-964900d11c93
TEST;TEST;9A;2ee0c88c-4e3b-488c-8242-a1b1adaba624
TEST;TEST;9A;ac1f2b28-aafc-41ba-8809-1e6a5eec17c0
TEST;TEST;10A;fb274c00-19ac-438b-954c-2d39614fdedf
TEST;TEST;5A;518cd9d1-ee63-4edd-a33d-caaa25f9cead
TEST;TEST;7A;997587e2-5ce0-41ea-a8c3-6cd5834d9a1f
TEST;TEST;6A;0a886359-5cc3-4254-bd76-93be786d5684
TEST;TEST;8A;8c0e37fc-3f3c-4eb6-a4ab-37afb380cb95
TEST;TEST;5A;f1735f70-ca6c-4283-abf1-c8acc4bf1763
TEST;TEST;7A;67c69d0f-c9de-4433-8258-2172cccd0046
TEST;TEST;10A;5d6e9bc2-474f-4345-8f02-80a958458b18
TEST;TEST;5A;319c795f-ce89-41b0-b269-12a477c1f97c
TEST;TEST;9A;937df13d-001a-4238-af19-7cbb50ca1e61
TEST;TEST;5A;13e8b5a0-5102-4c16-beb9-c70c39e402da
TEST;TEST;6A;5d1496ed-5e46-43b2-8049-b7db3d60d840
TEST;TEST;9A;d37cf91f-ed82-4538-b171-05e4d1cdf597
TEST;TEST;9A;7c2059a0-a4ba-45ed-88f7-9310ad2f0db2
TEST;TEST;5A;1bd5b82c-9ef1-492c-ab07-5bd3c4cc80e5
TEST;TEST;6A;07a63dce-89b5-4d86-a481-82564f15e22b
TEST;TEST;7A;434e6d1d-7478-4fdb-8237-9026778f3bce
TEST;TEST;10A;1e439e2f-6ea8-4a16-80b0-24ac547cb7c0
TEST;TEST;6A;7ff9ecfe-5807-4f73-8340-f663f06dbd74
TEST;TEST;8A;aa99e024-c6cf-4bb5-a2a4-bf31b1ef76d6
TEST;TEST;6A;c3da282d-f8fb-4eb7-8aa0-78d678c65cbd
TEST;TEST;8A;273e2664-9519-4f5c-8337-858f804a9a4a
TEST;TEST;10A;3b4c89b7-8f66-4ccf-832c-02ed3190e7e1
TEST;TEST;9A;99165106-30fa-46bf-a399-2d67aea35870
TEST;TEST;10A;4be34b6e-236e-49b4-a6dd-f7048cb93bae
TEST;TEST;7A;452451d2-2595-401d-b6e7-34769f3a6f11
TEST;TEST;5A;4345980e-9496-4b15-a74b-0bb060f4ecd6
TEST;TEST;8A;0162ca58-818e-48bf-ae31-0275b9b9c12f
TEST;TEST;6A;37f09788-363d-40a3-b349-e29a8f264457
TEST;TEST;7A;c63c4802-8f8d-4b62-bef1-08fbb9fd7b00
TEST;TEST;9A;704470e6-bcc5-415c-a9ae-93e42deebac3
TEST;TEST;8A;c084bcc0-d243-4bab-9011-484971c1a1a3
TEST;TEST;8A;362732fd-4b7e-40d7-b2cf-cd679ddd1655
TEST;TEST;8A;a16a790e-a419-4662-bd30-3df175538147
TEST;TEST;6A;dd249462-4027-4e8f-a0b3-a7601dd9a441
TEST;TEST;5A;63b89e42-47af-4d11-8a08-ee7dcb88f73c
TEST;TEST;9A;6fc65dd9-61bd-4413-b96a-2e304fa5f2d6
TEST;TEST;6A;4aa357a1-5a15-4837-8be3-87e5b8bb173a
TEST;TEST;5A;60d02cbb-63be-45fb-b919-97c15d06eb18
TEST;TEST;7A;c1321fbb-70c8-4372-a788-b7e8fd996204
TEST;TEST;7A;b80b8574-a1ef-47c2-b357-d36661be5338
TEST;TEST;7A;ca2d8022-c165-4211-9d57-cf083e73183c
TEST;TEST;9A;0c71e0e9-feff-4e05-9bf1-332fea1b8e16
TEST;TEST;10A;d2b32174-68f3-4f7d-9465-4e1c8fe0a160
TEST;TEST;10A;9b44623c-5439-41ee-9a49-974c3336809c
TEST;TEST;6A;31477d22-6b49-44df-bfdf-10dea040ccc0
