firstName;lastName;shortName;subjectTypes;maxNumberOfLessons;type
0;0;0;RELIGION_CA|BIOLOGY|ES_ECOLOGY|SCIENCE|CLASS|OPEN_LEARNING;20;Default
1;1;1;GERMAN|ART|ES_ART|CLASS|OPEN_LEARNING;20;Default
2;2;2;GERMAN|ENGLISH|CLASS|OPEN_LEARNING;24;Advanced
3;3;3;GERMAN|ENGLISH|THEATRE|CLASS|OPEN_LEARNING;24;Advanced
4;4;4;ENGLISH|ES_FRENCH|CLASS|OPEN_LEARNING;24;Advanced
5;5;5;ENGLISH|CHEMISTRY|CLASS|OPEN_LEARNING;20;Default
6;6;6;BIOLOGY|ES_ECOLOGY|SCIENCE|CHEMISTRY|CLASS|OPEN_LEARNING;24;Advanced
7;7;7;GERMAN|RELIGION_EV|CLASS|OPEN_LEARNING;24;Advanced
8;8;8;BIOLOGY|ES_ECOLOGY|SCIENCE|MATHS|CLASS|OPEN_LEARNING;20;Default
9;9;9;ES_FRENCH|RELIGION_EV|CLASS|OPEN_LEARNING;24;Advanced
10;10;10;PE|ES_PE|RELIGION_CA|HISTORY|SOCIETY_SCIENCE|CLASS|OPEN_LEARNING;24;Advanced
11;11;11;BIOLOGY|ES_ECOLOGY|SCIENCE|MATHS|CLASS|OPEN_LEARNING;20;Default
12;12;12;MATHS|COMPUTER_SCIENCE|ES_COMPUTER_SCIENCE|CLASS|OPEN_LEARNING;24;Advanced
13;13;13;LATIN|GERMAN|CLASS|OPEN_LEARNING;24;Advanced
14;14;14;GERMAN|SOCIAL_STUDIES|SOCIETY_SCIENCE|CLASS|OPEN_LEARNING;24;Advanced
15;15;15;BIOLOGY|ES_ECOLOGY|SCIENCE|WORK|ES_WORK_THEORY|PE|ES_PE|CLASS|OPEN_LEARNING;20;Default
16;16;16;GERMAN|ENGLISH|CLASS|OPEN_LEARNING;24;Advanced
17;17;17;RELIGION_CA|MATHS|CLASS|OPEN_LEARNING;20;Default
18;18;18;BIOLOGY|ES_ECOLOGY|SCIENCE|ART|ES_ART|CLASS|OPEN_LEARNING;20;Default
19;19;19;ENGLISH|ES_FRENCH|CLASS|OPEN_LEARNING;24;Advanced
20;20;20;ENGLISH|BIOLOGY|ES_ECOLOGY|SCIENCE|ART|ES_ART|WORK|ES_WORK_THEORY|CLASS|OPEN_LEARNING;20;Default
21;21;21;ENGLISH|HISTORY|SOCIETY_SCIENCE|CLASS|OPEN_LEARNING;24;Advanced
22;22;22;ENGLISH|BIOLOGY|ES_ECOLOGY|SCIENCE|PE|ES_PE|CLASS|OPEN_LEARNING;20;Default
23;23;23;RELIGION_CA|ENGLISH|CLASS|OPEN_LEARNING;24;Advanced
24;24;24;ES_FRENCH|GEOGRAPHY|SOCIETY_SCIENCE|RELIGION_CA|CLASS|OPEN_LEARNING;24;Advanced
25;25;25;MATHS|PHYSICS|PE|ES_PE|CLASS|OPEN_LEARNING;20;Default
26;26;26;MATHS|WORK|ES_WORK_THEORY|SOCIETY_SCIENCE|SOCIAL_STUDIES|CLASS|OPEN_LEARNING;20;Default
27;27;27;GERMAN|RELIGION_ET|GEOGRAPHY|SOCIETY_SCIENCE|CLASS|OPEN_LEARNING;24;Advanced
28;28;28;BIOLOGY|ES_ECOLOGY|SCIENCE|PHYSICS|CLASS|OPEN_LEARNING;24;Advanced
29;29;29;BIOLOGY|ES_ECOLOGY|SCIENCE|ES_PE|PE|CLASS|OPEN_LEARNING;24;Advanced
30;30;30;GERMAN|BIOLOGY|ES_ECOLOGY|SCIENCE|CLASS|OPEN_LEARNING;20;Default
31;31;31;RELIGION_ET|GERMAN|CLASS|OPEN_LEARNING;24;Advanced
32;32;32;CHEMISTRY|PHYSICS|CLASS|OPEN_LEARNING;24;Advanced
33;33;33;RELIGION_EV|GERMAN|CLASS|OPEN_LEARNING;24;Advanced
34;34;34;RELIGION_EV|HISTORY|SOCIETY_SCIENCE|CLASS|OPEN_LEARNING;24;Advanced
35;35;35;BIOLOGY|ES_ECOLOGY|SCIENCE|PE|ES_PE|CLASS|OPEN_LEARNING;24;Advanced
36;36;36;GERMAN|SOCIAL_STUDIES|SOCIETY_SCIENCE|CLASS|OPEN_LEARNING;24;Advanced
37;37;37;GERMAN|GEOGRAPHY|SOCIETY_SCIENCE|CLASS|OPEN_LEARNING;20;Default
38;38;38;GERMAN|MUSIC|PE|ES_PE|CLASS|OPEN_LEARNING;24;Advanced
39;39;39;GERMAN|MATHS|PE|ES_PE|CLASS|OPEN_LEARNING;20;Default
40;40;40;ENGLISH|HISTORY|SOCIETY_SCIENCE|CLASS|OPEN_LEARNING;20;Default
41;41;41;BIOLOGY|ES_ECOLOGY|SCIENCE|CHEMISTRY|CLASS|OPEN_LEARNING;24;Advanced
42;42;42;ENGLISH|CHEMISTRY|CLASS|OPEN_LEARNING;24;Advanced
43;43;43;GERMAN|ES_FRENCH|CLASS|OPEN_LEARNING;24;Advanced
44;44;44;CHEMISTRY|MATHS|CLASS|OPEN_LEARNING;24;Advanced
45;45;45;GERMAN|MUSIC|CLASS|OPEN_LEARNING;20;Default
46;46;46;MATHS|COMPUTER_SCIENCE|ES_COMPUTER_SCIENCE|CLASS|OPEN_LEARNING;24;Advanced
47;47;47;RELIGION_EV|ENGLISH|GEOGRAPHY|SOCIETY_SCIENCE|CLASS|OPEN_LEARNING;20;Default
48;48;48;BIOLOGY|ES_ECOLOGY|SCIENCE|CHEMISTRY|CLASS|OPEN_LEARNING;20;Default
49;49;49;HISTORY|SOCIAL_STUDIES|SOCIETY_SCIENCE|CLASS|OPEN_LEARNING;24;Advanced
50;50;50;SOCIETY_SCIENCE|SOCIAL_STUDIES|MATHS|CLASS|OPEN_LEARNING;24;Advanced
51;51;51;MATHS|PHYSICS|CLASS|OPEN_LEARNING;24;Advanced
52;52;52;PHYSICS|MATHS|CLASS|OPEN_LEARNING;24;Advanced
53;53;53;LATIN|HISTORY|SOCIETY_SCIENCE|RELIGION_ET|CLASS|OPEN_LEARNING;24;Advanced
54;54;54;RELIGION_EV|ES_PE|PE|CLASS|OPEN_LEARNING;20;Default
55;55;55;RELIGION_EV|BIOLOGY|ES_ECOLOGY|SCIENCE|MATHS|CLASS|OPEN_LEARNING;20;Default
56;56;56;RELIGION_CA|ART|ES_ART|COOKING|CLASS|OPEN_LEARNING;20;Default
57;57;57;RELIGION_EV|GERMAN|HISTORY|SOCIETY_SCIENCE|CLASS|OPEN_LEARNING;20;Default
58;58;58;GERMAN|HISTORY|SOCIETY_SCIENCE|CLASS|OPEN_LEARNING;20;Default
59;59;59;BIOLOGY|ES_ECOLOGY|SCIENCE|GEOGRAPHY|SOCIETY_SCIENCE|COMPUTER_SCIENCE|ES_COMPUTER_SCIENCE|CLASS|OPEN_LEARNING;24;Advanced
60;60;60;MATHS|PHYSICS|CLASS|OPEN_LEARNING;24;Advanced
61;61;61;MATHS|GERMAN|CLASS|OPEN_LEARNING;24;Advanced
62;62;62;COOKING|GERMAN|CLASS|OPEN_LEARNING;20;Default
63;63;63;PE|ES_PE|WORK|ES_WORK_THEORY|CLASS|OPEN_LEARNING;20;Default
64;64;64;ENGLISH|GEOGRAPHY|SOCIETY_SCIENCE|CLASS|OPEN_LEARNING;20;Default
65;65;65;GERMAN|PE|ES_PE|CLASS|OPEN_LEARNING;24;Advanced
66;66;66;MATHS|PE|ES_PE|CLASS|OPEN_LEARNING;20;Default
67;67;67;BIOLOGY|ES_ECOLOGY|SCIENCE|MATHS|COMPUTER_SCIENCE|ES_COMPUTER_SCIENCE|CLASS|OPEN_LEARNING;20;Default
68;68;68;LATIN|MUSIC|CLASS|OPEN_LEARNING;24;Advanced
69;69;69;ENGLISH|BIOLOGY|ES_ECOLOGY|SCIENCE|CLASS|OPEN_LEARNING;24;Advanced
